kdsla,nmsla
0,NULL
0,NULL
0,NULL
0,NULL
0,NULL
0,NULL
0,NULL
0,NULL
1,NULL
8,NULL
12,NULL
31,NULL
317,NULL
336,NULL
999,NULL
1762,NULL
9999,NULL
12006,NULL
12194,NULL
31734,NULL
31759,NULL
52006,NULL
120003,"SMA BINA BANGSA, PANTAI INDAH KAPUK, JAKARTA"
120004,"MORNING STAR ACADEMY, KUNINGAN, JAKSEL"
120006,"SMA MAHATMA GADING, JAKARTA UTARA"
120008,Yayasan Pendidikan PUTRA KUSUMA
130001,"SON, Luar Kota SMA"
201001,NULL
210002,"SMAN 86 Bintaro, Jakarta Selatan"
210003,SMA/MADRASAH Aliyah
220001,"SMA Binus High School, Simpruk"
220002,"SMA Islam Al-Izhar, Pondok Labu"
220003,"SMA Islam Al-Azhar, Tanjung Barat"
220004,"SMA Bina Gama, Kebayoran Lama"
220005,Raffles International Christian School - Jak-Sel
220006,"SMAI AVICENNA, JAKARTA SELATAN"
220007,"Jakarta International School, Cilandak"
220008,"SMA Cita Buana, Jakarta Selatan"
220011,"SMK Patria Wisata, Jakarta Selatan"
220012,Home Schooling Kak Seto
220013,"SMA Australian International School, Pejaten Barat"
220014,"PKBM Budi Mulya, Cileduk, Jakarta Selatan"
220015,"PKBM Setia Mandiri, Kebayoran Baru, Jak-Sel"
220016,"Komunitas Homeschooling Berkemas, Jaksel"
220018,"SMA Madina Islamic School, Jak-Sel"
220019,PKBM Negeri 27
220020,"Delima International School, Kemang"
220021,"SMA High Scope International, Jakarta Selatan"
220022,"SMA International Islamic High School, Jak Sel"
220023,"Ganesha Education, Jak-Sel"
220025,"Mentari International School, Kebayoran Baru"
220026,"Singapore International School, Lebak Bulus"
220027,"SMA Hope International School, Permata Hijau"
220031,"SMA Vickery Christian Academy, Jakarta Selatan"
220033,"SMA Al-Azhar Syifa Budi Jakarta, Kemang Raya"
310001,"SMA Islam PB. Soedirman, Bekasi"
310002,SMAN 58
320002,"SMA Global Islamic School, Condet"
320003,"SMA St. Yoseph, Jakarta Timur"
320004,"SMA Tiara Bangsa, Cibubur"
320005,"SMIP Jayawisata 2, Jakarta Timur"
320006,"SMA Karya Iman, Jakarta Timur"
320011,"SMA Sevilla School, Pulomas"
320012,SMA Saint Peter SHS
320013,"SMA Nasional 1, Bekasi"
320015,"Springfield International Curriculum, Depok"
320017,"SUN Homeschooling Community, Kalimalang"
320018,"PKBM Teladan, Ciracas Jak-Tim"
320019,"SMA Global Mandiri, Bogor"
410001,SMAN 2 Gajahmada
410002,SMAN 77
410003,"PKBM Negeri 16 (Paket C), Cempaka Putih"
420003,"SMA Pembangunan 2, Jakarta Pusat"
420004,NULL
420005,"SMIP Jayawisata 1, Jakarta Pusat"
420006,"SMA PSKD Mandiri, Jakarta Pusat"
420008,"SMK Rex Mundi, Jakarta"
420009,"SMA Universal School, Kemayoran"
420011,"SMA Bunda Mulia, Petojo"
420013,"SMA KRISTEN NASIONAL ANGLO, JAKARTA"
420014,SMA Mahatma Gandhi
420016,"SMA Hati Suci, Kampung Bali, Jakarta Pusat"
420017,"PKBM Ristek Nusantara, Cempaka Putih"
420020,"SMK Musik Perguruan Cikini, Jakarta Pusat"
420021,"PKBM Windsor Homeschooling, Jakarta Pusat"
420024,"PKBM Nusantara, Jakarta Pusat"
420025,"PKBM Pelita, Jakarta Pusat"
420027,"SMA Kristen Calvin, Jakarta Pusat"
420029,"SMK Bunda Mulia, Jakarta Pusat"
510001,"PKBM, Perguruan Rakyat, Cengkareng"
510002,"PKBM Malacca, Jakarta Barat"
520001,"SMA St. Kristoforus 2, Perum Taman Lestari"
520003,"SMA Trinitas, Cengkareng"
520008,"SMA Santo Andreas, Kedoya"
520009,"SMK Telkom Sandhy Putra, Jakarta Utara"
520010,"SMA Kristen Tiara Kasih, Cengkareng"
520011,"SMA Kristen Samaria, Tomang"
520012,"SMA Dian Kasih, Jakarta Barat"
520013,SMF ( Farmasi ) Kristen Penabur
520014,"SMA Tunas Muda, Meruya"
520017,"SMA Dian Harapan, Daan Mogot, Jakarta Barat"
520018,SMK Strada Daan Mogot
520020,"IPEKA Internasional, Christian School"
520021,"SMA Tunas Muda, Jakarta Barat"
520022,Sma Mutiara Bangsa 3
520024,"SMA Kristen Kasih Karunia, Jakarta Barat"
520025,"SMA Bukit Sion, Jakarta Barat"
520026,"SMA CENTRAL SCHOOL, PURI INDAH"
520028,"El Shaddai International School, Jakarta Barat"
520029,"PKBM Perti, Jakarta Barat"
520032,"SMAK 8 BPK Penabur International, Tanjung Duren"
520034,"PKBM Dhammasavana, Jakarta Barat"
520036,"SMA Citra Kasih, Jakarta Barat"
520037,"SMA Impian Bunda, Jakarta Barat"
520038,"PKBM 07, Cengkareng, Jakarta Barat"
520039,"PKBM 05, Jelambar, Jakarta Barat"
620002,"SMA Budi Agung, Bandengan"
620004,"SMA Tunas Bangsa, Sunter"
620005,"SMA Ipeka Sunter, Jakarta Utara"
620006,"SMA Santo Paulus, Sunter"
620007,"SMA Gandhi International School, Ancol"
620009,"SMA St. Nicholas, Jakarta Utara"
620010,"SMA Dharma Budhi Bhakti, Jakarta  Utara"
620011,"SMUI Al-Azhar, Kelapa Gading"
620012,"SMA St. Peter, Kelapa Gading"
620013,"SMA Mawar Saron, Jakarta Utara"
620014,"SMA Bunga Hati Bangsa, Jakarta Utara"
620015,"SMA Bina Tunas Bangsa, Pluit"
620016,"SMU Tunas Gading, jakarta utara"
620017,SMA Saint Peter School
620018,SMA Katolik Yos Sudarso
620020,"SMAK IPEKA, Pluit Jakarta Utara"
620021,"SMA Marie Joseph, Kelapa Gading"
620022,"SMA SANTA MARIA DELLA STRADA, Pademangan"
620023,SMA BUNDA MULIA International school
620025,"SMAK 5 BPK Penabur International, Kelapa Gading"
620028,"SMA Bina Bangsa, Pantai Indah Kapuk, Jakarta Utara"
620029,"SMA Mahatma Gading, Jak-Ut"
620030,"SMAK 6 BPK Penabur, Jakarta Utara"
620031,"SMAK PENABUR INTERNATIONAL, Kelapa Gading"
620033,"SMA Pelangi Kasih, Jakarta Utara"
620034,"SMA Ebenezer Christian Academy, Kelapa Gading"
620035,"PKBM Jayakarta, Semper, Jakarta Utara"
620036,"Homeschooling Tunas Karya Bangsa, Kelapa Gading"
710003,"SMAN 5, Bandung"
710007,"SMAN 6, Bandung"
710009,SMAN 2 BANDUNG
710011,SMAN 17
710013,"SMAN 20, Bandung"
710016,"SMKN 3, Bandung"
720001,"SMA Yahya, Bandung"
720002,"SMA Kristen Dago, Bandung"
720003,"SMA Bina Bakti 1, Bandung"
720004,"SMA Aloysius 2, Bandung"
720005,"SMA Pelita Bangsa, Bandung"
720006,"SMA Trimulia, Bandung"
720009,"SMA Rehoboth, Bandung"
720010,"SMA St. Paulus, Bandung"
720011,"SMA Yayasan Pendidikan Sejati (YPS), Bandung"
720012,"SMA Pesantren Persatuan Islam, Bandung"
720013,"SMK Bina Bakti, Bandung"
720014,"SMA BPI 1, Bandung"
720015,"SMA Krida Nusantara, Bandung"
720017,"SMA Pribadi, Bandung"
720018,"SMA Terpadu Krida Nusantara, Bandung"
720019,"SMK Farmasi BPK Penabur, Bandung"
720021,"SMK Sandhy Putra, Bandung"
720024,"SMA Kristen BPPK, Bandung"
720025,"SMA YAS, Bandung"
720027,"SMA Cahaya Bangsa Classical School, Bandung"
720028,"SMA Jenderal Sudirman, Bandung"
720032,"SMA Bintang Mulia, Bandung"
810001,"SMAN 5, Bogor"
810002,"SMAN 6, Bogor"
810003,"SMAN 4, Bogor"
810006,"SMAN 9, Bogor"
810007,"SMAN 1, Cileungsi"
810010,"SMAN 78, Bogor"
820002,"SMA Dwi Warna, Bogor"
820003,"SMA Tunas Harapan, Bogor"
820004,"SMA Bina Insani, Bogor"
820006,"SMA Insan Kamil, Bogor"
820007,"SMA Damai Mekar, Bogor"
820009,"The International School of Bogor, Bogor"
820010,"SMA Bunda Hati Kudus, Kota Wisata, Bogor"
820011,"SMA Kamandaka, Bogor"
820012,"SMUK 1 Bhakti, Bogor"
820013,SMK PATRIA WISATA
820014,"SMA EKA WIJAYA, BOGOR"
820015,"SMK Baranangsiang, Bogor"
820016,"Christian International School, Cibubur"
820019,"SMA Ketapang 3, Cibubur, Bogor"
820020,"PKBM AR-Rahman, Sukaraja"
820021,"SMA SIT Fajar Hidayah, Bogor"
820022,"SMA Dua Mei, Ciputat"
820023,"SMA Bogor Raya, Bogor"
820026,"SMA Saint Enoch, Jonggol, Bogor"
910001,"SMAN 3, Sukabumi"
999999,NULL
1010001,SMAN 6 Cirebon
1020001,"SMA Putra Nirmala, Cirebon"
1020002,SMU Sekar Kemuning
1020003,"SMA Al-Azhar 5, Cirebon"
1120002,"SMK Strada Daan Mogot,Tangerang"
1120004,"SMA Bethel, Tangerang"
1210001,"SMAN 5, Tasikmalaya"
1220001,"SMAK 1 BPK Penabur, Tasikmalaya"
1310001,"SMAN 7, Bekasi"
1310002,"SMAN 10, Bekasi"
1310003,"PKBM Kartini (Paket C), Bekasi"
1320001,"SMA Dian Harapan, Cikarang"
1320002,"SMA Islam Al-Azhar, Bekasi"
1320003,"SMA Korpri, Bekasi"
1320004,"SMA Tunas Jaka Sampurna, Bekasi"
1320005,"SMA Mutiara 17 Agustus, Bekasi"
1320006,"SMA Arena Siswa, Bekasi"
1320007,"SMA Bellarminus 2, Bekasi"
1320008,"SMA Ananda, Bekasi"
1320009,"SMA IIBS Republic of Indonesia, Cikarang"
1320010,"SMA Santa Maria Monica, Bekasi Timur"
1320011,"SMA Trinitas, Cikarang, Bekasi"
1320012,"SMA Cindera Mata, Bekasi"
1320013,"SMA Global Prestasi, Kalimalang, Bekasi"
1320014,"SMA Pax Patriae, Bekasi"
1320015,"SMU STRADA BUDI LUHUR, BEKASI"
1320016,"SMU PRESIDEN, CIKARANG"
1320017,"SMA Mahanaim, Bekasi"
1320020,"SMA Yadika 4,  Bekasi"
1320021,"SMA Malidar, Bekasi"
1320022,"Madrasah Aliyah, Yayasan Al-Kahfi, Pd.Gede, Bekasi"
1320023,"SMA Don Bosco 3, Cikarang Selatan, Bekasi"
1320024,"SMAK Penabur Harapan Indah, Bekasi"
1320029,"SMA Marsudirini, Bekasi"
1410001,"SMAN 2, Depok"
1410006,"SMA Tarbiyah Islamiyah, Depok"
1420001,"SMA Mardiyuana, Depok"
1420002,"SMA PSKD 7, Depok"
1420003,"SMA Cakra Buana, Depok"
1420006,"SMK Cakra Buana, Depok"
1420007,"SMA Lab School, Cinere"
1420008,"SMA Budi Utomo, Depok"
1420014,"SMA IT Nurul Fikri, Depok"
1510001,"PKBM Bhineka Indonesia, Cimahi"
1520001,"SMA St. Maria 3, Kotip Cimahi"
1710246,NULL
1714325,NULL
1719999,NULL
1729999,NULL
1759999,NULL
1810001,"SMAN 1, Cibinong"
1820002,"SMA Yadika 7, Bogor"
1820003,"SMA Marsudirini, Bogor"
1820004,"SMA Mardi Waluya, Cibinong"
1820005,"PKBM Wijaya Kusuma, Cigudeg"
1853001,NULL
1871005,NULL
1910001,"SMAN 1, Cibadak, Sukabumi"
2020002,"SMA Mardi Yuana, Cianjur"
2031414,NULL
2120001,"Yayasan Pendidikan Sejati ( YPS ), Bandung"
2510001,"SMAN 1, Kadugede"
2510003,"SMAN 2, Kuningan"
2510004,"SMAN 1, Cilimus, Kuningan"
2710001,"SMA Negeri 2, Majalengka, Jawa Barat"
2920001,"Ma'had Al-Zaytun, Indramayu"
3170022,NULL
3171004,NULL
3171417,NULL
3171432,NULL
3171435,NULL
3172008,NULL
3172014,NULL
3172026,NULL
3173013,NULL
3174385,NULL
3174386,NULL
3174432,NULL
3174607,NULL
3174861,NULL
3174999,NULL
3175385,NULL
3175999,NULL
3179999,NULL
3184000,NULL
3184008,NULL
3184300,NULL
3210001,"SMAN 1, Karawang"
3210002,SMAN 5 - Karawang
3210003,"SMAN 1, Cikampek"
3220001,"SMA Yos Sudarso, Kerawang"
3220002,"SMA Ignatius Slamet Riyadi, Karawang"
3310001,"SMAN 5, Tangerang"
3320007,NULL
3353001,NULL
3410001,"SMAN 1, Serang"
3510002,"SMAN 1, Cikarang, Bekasi"
3510004,"SMAN 5, Bekasi"
3520001,"SMA Pangudi Luhur 2, Bekasi"
3520002,"SMAK Nasional  Anglo, Cikarang"
3520004,"SMA Yadika 8, Jatimulya, Bekasi"
3520005,"SMA Yadika 9, Bekasi"
3610001,"SMAN 3, Magelang"
3620001,"SMA Pangudi Luhur, Magelang"
3620004,"SMA Marsudirini, Muntilan"
3710001,"SMAN 2, Surakarta"
3720002,"SMA Pangudi Luhur, Surakarta"
3720003,"SMA Ignatius, Slamet Riyadi, Solo"
3720004,"SMA Regina Pacis, Surakarta, Jawa Tengah"
3720005,"SMA Pelita Nusantara Kasih, Surakarta"
3820001,"SMA Kristen 1, Salatiga"
3910001,"SMAN 1, Pemalang"
3910003,"SMAN 16, Semarang"
3920001,"SMA Masehi 1, Semarang"
3920002,"SMA Krista Mitra, Semarang"
3920003,"SMA Sedes Sapientiae, Jambu"
3920005,"SMA KRISTEN TRI TUNGGAL, SEMARANG"
3920007,"SMA Nasima, Semarang"
3920008,Terang Bangsa Christian High School
4010001,"SMAN 3, Pekalongan"
4010003,"SMAN 1, Pekalongan"
4020001,"SMA St. Bernadus, Pekalongan"
4051096,NULL
4110001,"SMAN 1, Tegal"
4110002,Negeri 1 - Tegal
4120001,"SMA Pius, Tegal"
4144003,NULL
4210001,"SMAN 1, Purwokerto"
4220001,"SMA Bruderan, Purwokerto"
4310001,SMA Negeri Majenang
4310002,"SMAN 3, Cilacap"
4310003,"SMA Negeri 1, Cilacap"
4320001,"SMA Yos Sudarso, Cilacap"
4510001,SMAN Banyumas
4510002,"SMAN 5, Purwokerto"
4610001,"SMAN 1, Purbalingga"
4710001,"SMAN 1, Banjarnegara"
4910001,"SMA Negeri 1, Purworejo"
4920001,SMA Bruderan Purworejo
5320001,"SMK Kristen 2, Klaten, Jawa Tengah"
5520012,NULL
5910001,AKADEMI KEPERAWATAN DEPKES
6210001,"SMAN 1, Kudus"
6220001,"SMA Keluarga, Kudus"
6220002,"SMA Masehi Kudus, Kudus"
6310001,"SMAN 1, Jepara"
6610001,"SMAN 2, Temanggung"
6610002,"SMAN 1, Temanggung"
7210002,"SMU NEGERI 1, LARANGAN BREBES"
7310002,"SMAN 6, Yogyakarta"
7320002,"SMA St. Maria, Yogyakarta"
7320005,"SMA Stella Duce Bantul, Yogyakarta"
7710001,"SMAN 1, Depok, Sleman, Yogya"
7720001,"SMA Santo Mikael, Sleman"
7800002,NULL
7810001,"SMAN 1, Surabaya"
7810005,"SMAN 2, Surabaya"
7810011,"SMAN 9, Surabaya"
7810012,"SMA Muhammadiyah 2, Surabaya"
7810013,"SMAN 1, Tuntang, Surabaya"
7820001,"SMA Petra 5, Surabaya"
7820006,"SMA Kristen Gloria, Surabaya"
7820007,"SMA St. Agnes, Surabaya"
7820010,"SMA Santo Hendriks, Surabaya"
7820011,"SMA Petra 4, Surabaya"
7820012,"SMA Kristen Kalam Kudus, Surabaya"
7820013,SMA Gracia - Surabaya
7820014,"SMA Cita Hati, Surabaya"
7820015,"SMA Dapena 1, Surabaya"
7820016,SMU YP Trisila
7820019,SMA Dharma Mulya
7820020,"SMA Advent Anjasmoro, Surabaya"
7820021,"SMA St. Hendrikus, Surabaya"
7820029,NULL
7820032,"SMAK Intan Permata Hati, Surabaya"
7820033,"SPINS International School, Surabaya"
7820035,"SMA Mardisiwi, Ploso Tambak Sari, Surabaya"
7820036,"SMA 17 Agustus 1945, Surabaya"
7820037,"SMA Al-Falah, Surabaya"
7820039,SMA Favorit Pungging
7820043,"SMAK Masa Depan Cerah, Surabaya"
7910001,"SMAN 1 Puri, Mojokerto"
7920001,"SMA Taruna Nusa Harapan, Mojokerto"
7920002,"SMA Taruna  Nusa Harapan, Mojokerto"
8020003,SMA TAMAN HARAPAN
8020004,SMA Katolik Frateran
8020005,Bina Bangsa Christian School
8020008,"SMA KATOLIK YOS SUDARSO, BATU MALANG"
8020010,SMA KRISTEN KALAM KUDUS
8020012,"SMA Advent Dwi Abdi, Malang"
8020013,"SMA Charis National Academy, Malang"
8210001,"SMAN 2, Kediri"
8210002,"SMAN 7, Kediri"
8220001,"SMA Santo Agustinus, Kediri"
8220002,"SMA Petra, Kediri"
8310001,"SMAN 1, Blitar"
8510002,"SMAN 3, Madiun"
8520001,"SMAK Bonaventura, Madiun"
8810001,"SMAN 1, Ponorogo, Jawa Timur"
9020001,"SMA Diponegoro, Tulungagung"
9520001,"SMA St. Paulus, Jember"
9620001,"SMA Katolik Hikmah Mandala, Banyuwangi"
10110001,"SMAN 1, Sidoarjo"
10110002,"SMAN 4, Sidoarjo"
10110003,"SMUN 1, KREMBUNG"
10110004,"SMAN 3, Sidoarjo"
10610001,"SMAN 1, Magetan"
11610002,"SMAN 1, Sumenep"
11710001,"SMAN 3, Banda Aceh"
11720002,"SMA Methodist, Banda Aceh"
12754425,NULL
12810002,"SMAN 2, Medan"
12810003,"SMAN 12, Medan"
12810004,"SMAN 14, Medan"
12810007,"SMAN 1, Berastagi"
12810008,sma negeri 8
12810009,"SMAN 5, Medan"
12820001,"SMA Methodist 2, Medan"
12820002,"SMA St.Thomas 2, Medan"
12820004,"SMA Methodist 1, Medan"
12820005,"SMA Taman Siswa Polonia, Medan"
12820006,"SMA Methodist, Pematang Siantar"
12820007,"SMA Diponegoro, Kisaran"
12820009,"SMA Kesuma Indah, Padangsidimpuan"
12820012,"SMA Josua, Medan"
12820013,"SMA Chandra Kusuma, Medan"
12820014,"SMA Methodist 4, Medan"
12820015,"Medan Music Education, Medan"
12820019,"Dr. Setia Budi, Medan"
12820020,"SMA St. Thomas 3, Medan"
12820021,"SMA Methodist 3, Medan"
12820023,"SMA Methodist 5, Medan"
12820025,"SMA Prime One School, Medan"
12920001,"SMA Triratna, Sibolga"
13110001,"SMA Negeri 1 Raya, Perdagangan, Pematang Siantar"
13120001,"SMA Sultan Agung, Pematang Siantar - Medan"
13120002,"SMA Maria Goretti, Pematang Siantar"
13120003,"SMA Swasta Mars, Pematang Siantar"
13320001,"SMA Ahmad Yani, Binjai"
13610001,"SMAN 3, Nias"
13610004,"SMAN 1, Gido, Nias"
13610006,"SMAN 1, Gunung Sitoli, Nias"
13610007,"SMAN Unggulan Sukma, Nias"
13620001,"SMA Katolik Bintang Laut, Nias Selatan, Sumut"
13620002,"SMA Lentera Harapan, Nias"
13620004,"SMA Swasta Pemda 1, Nias"
13620007,"SMA Swasta Pembda 2, Gunung Sitoli"
13810001,"SMAN 1, Matauli Pandan, Tapanuli Tengah"
14210001,"SMA Negeri 1 Raya, Simalungun"
14520002,"SMA Chandra Kusuma, Deli Serdang"
14520003,"SMA Dharma Bakti, Lubuk Pakam"
14710001,"SMAN 1, Panti, Padang"
14710003,"SMAN 3, Padang"
14710004,"SMA NEGERI 2, PADANG"
14710005,"SMAN 2, Padang"
14720002,"SMA PSM, Bukit Tinggi, Padang"
15910001,"SMAN 1, Lareh Sago Halaban"
16110001,"SMAN 8, Pekan Baru"
16110003,"SMAN 9, Pekan Baru"
16110004,"SMA Negeri 3, Bengkalis - Pekanbaru, Riau"
16110005,SMAN 2
16110006,"SMAN SIMPANGTIGA, Pekanbaru"
16110007,"SMAN 5, Pekanbaru"
16110008,"SMAN 1, Bengkalis"
16110009,"SMAN 1,Pekanbaru"
16120003,"SMK Indra Sakti, Tanjung Pinang, Riau"
16120004,"SMA Handayani, Pekanbaru"
16120007,"SMA Kusuma, PekanBaru"
16210001,"SMAN 1, Batam"
16210002,SMK N 1
16220001,"SMA Yos Sudarso, Batam"
16220002,"SMA Djuwita, Batam"
16220003,SMA Global Indo - Asia
16220004,"SMK Kartini, Batam  "
16220005,"SMA Mondial, Batam"
16410001,"SMAN 1 Rengat, Indragiri Hulu"
16610001,"SMAN 1, Tanjung Pinang, Riau"
16610002,"SMAKN 2, Tanjung Pinang, Kepulauan Riau"
16820002,SMA Cendana Duri/Mandau
16910001,"SMAN 1, Sungai Penuh, Jambi"
16910002,"SMK N 4, Jambi"
17710003,"SMAN 3, Palembang"
17710005,"SMAN 17, Palembang"
17710006,"SMAN 1 Pramburaulih, Palembang"
17710008,"SMAN 10 , Palembang"
17720007,"SMA PGRI 2, Palembang"
17720010,"SMA Methodist 3, Palembang"
17720011,"SMA Bina Warga 2, Palembang"
17720012,"SMA Muhammadiyah 1, Palembang"
17810001,SMAN 2
17810002,"SMAN 1, Manggar, Belitung Timur"
17820002,"SMK Bakti, Pangkalpinang"
17820004,"SMA Harapan, Bangka Belitung"
17920001,"SMA Xaverius, Lubuk Linggau , Sumatera Selatan"
18510001,"SMA NEGERI 4, LAHAT"
18520001,"SMA St. Yosef, Lahat"
18810001,"SMAN 1, Belinyu"
18820001,"SMA Harapan Sungailiat, Bangka"
18910001,"SMAN 1, Belitung"
18910002,SMK Negeri 1 TanjungPandan
18910003,"SMU Negeri 1, Tanjung Pandan"
19110001,"SMAN 10, Lampung"
19110002,"SMAN 4, Lampung"
19110003,"SMAN 1, Bandar Lampung"
19120001,"SMA Utama 2, Lampung"
19120002,"SMA Kristen 1, Metro - Bandar Lampung"
19120003,"SMU Nusantara, Lampung"
19120004,"SMA Dharma Bangsa, Lampung"
19120007,"SMA Yos Sudarso, Metro - Bandar Lampung"
19220001,"SMA Xaverius, Pringsewu"
19220002,"SMA Lentera Harapan, Lampung Selatan"
19320001,SMA Lentera Harapan
19320002,"SMA Lentera Harapan, Lampung Timur"
19510002,"SMK Negeri 1, Sekura Pontianak"
19510003,"SMAN 5, Pontianak"
19510004,NULL
19510005,NULL
19520002,"SMA Immanuel, Pontianak"
19520003,"SMK Imanuel, Pontianak"
19520004,"SMA Makedonia, Ngabang Pontianak"
19520007,"SMK Santa Maria, Pontianak"
19520009,"SMA Amkur, Pemangkat, Pontianak"
19520010,"SMA P L, St. Yohanes, Ketapang, Pontianak"
19520011,"SMA Bina Mulia, Pontianak"
19520013,"SMA Tunas Bangsa, Pontianak"
19620001,"SMAN 1, Singkawang"
19620003,"SMA Santo Ignasius, Singkawang"
19810001,"SMAN 1, Paloh, Sambas"
19820001,"SMA Amkur, Sambas"
20020001,"SMA, Pangudi Luhur Santo Yohanes, Ketapang Kal-Bar"
20310001,"SMAN 3, Jekan Raya, Palangka Raya"
20310002,"SMAN 2, Palangkaraya"
20310003,"SMAN 4, Palangka Raya, Kal-Teng"
20320001,"SMA Katolik St. Petrus Kanisius, Palangkaraya"
21410001,"SMAN 7, Banjarmasin"
21410003,"SMAN 3, Banjarmasin"
21410004,"SMAN 6, Banjarmasin"
21412998,NULL
21420001,"SMAK Kanaan, Banjarmasin"
21743858,NULL
21759999,NULL
22034004,NULL
22410001,"SMA Negeri 1, Tanjung, Tabalong-KalSel"
22510003,"SMAN 13, Samarinda"
22520001,"SMA YP. Vidya Dahana, Bontang"
22520002,"SMK Niagara, Samarinda"
22520003,SMA KRISTEN SUNODIA
22610001,"SMAN 1, Balikpapan"
22610002,"SMAN 5, Balikpapan"
22620001,"SMA Patra Dharma, Balikpapan"
22720001,"SMA Katolik W. Poerwadarminta, Tarakan"
22720002,"SMA Tunas Kasih, Tarakan"
23210002,"SMAN 7, Manado"
23210004,SMAN
23210007,"SMAN 1, Ratahan, Manado"
23220001,"SMA Binaan Khusus, Manado"
23220002,"SMA MIS, Manado"
23220003,"SMA Lokon St. Nicolaus, Tomohon, Manado"
23220005,"SMA Katolik Karitas, Tomohon"
23220006,"SMA Kristen 1, Tomohon"
23220008,"SMA Kristen 2 Binaan Khusus, Tomohon"
23220009,"SMA Kristen 2, Tomohon"
23220010,"MANADO INTERNATIONAL SCHOOL, MANADO"
23220012,"SMA Unklab Airmadidi, Manado"
23220015,"SMA St. Thomas Aquino, Manado"
23310001,"SMAN 1, Gorontalo"
23410001,"SMAN 2, Bitung"
23610001,"SMAN 1 Wori, Minahasa Utara"
23620001,"SMA Katolik Aquino Amurang, Minahasa Selatan"
23910001,"SMAN 2, Palu"
23910002,"SMAN 1, Palu"
23920001,"SMA Karunia Dipa, Palu"
23920004,"SMA Katolik St. Andreas, Palu"
24410001,"SMAN 1, Makasar"
24410003,"SMAN 2, Makasar"
24410004,"SMAN 17, Makasar"
24410005,"SMAN 5, Makasar"
24410007,"SMAN 1, Makale"
24410008,"SMAN 1, Rantepao"
24410010,"SMAN 6, Makasar"
24420001,"SMA Kristen Barana, Ujung Pandang"
24420003,"SMA Dian Harapan, Makasar"
24420004,"SMA Kristen Diakui, Makasar"
24420007,"SMA Islam Athirah, Makassar, Sul-Sel"
26310001,"SMA N 1, RANTEPAO, TORAJA"
26310002,"SMAN 1, Palopo, Toraja"
26310003,"SMAN 2, Rantepao"
26320002,"SMA Kristen, Rantepao"
26320004,"SMA Matari'allo, Rantepao"
26720001,"SMA Kartika 72, Kendari"
26810001,"SMAN 1, Bau-Bau"
27210001,Sma Negeri 1 Raha
27310001,"SMAN 1, Ambon"
27310002,"SMA Negeri 11, Maluku"
27310003,"SMAN 4, Ambon"
27310004,"SMAN 12, Ambon"
27310005,"SMAN 2, Ambon"
27310006,SMU Negeri 3
27310008,SMAN Siwalima Ambon
27310009,"SMAN 5, Ambon"
27320001,"SMA Xaverius, Ambon"
27510002,"SMAN 1, Kei Kecil, Maluku Tenggara"
27910001,"SMAN 7, Denpasar"
27910002,"SMAN 4, Denpasar"
27910003,"SMAN 5, Denpasar"
27920002,"SMA Dyatmika, Denpasar"
27920003,"SMAK Soverdi, Denpasar"
27920004,"SMK Pariwisata Harapan, Denpasar"
27920007,"SMA Kristen Harapan, Denpasar"
27920008,"SMA Cahaya Harapan Indonesia Sejahtera, Denpasar"
27920009,"SMA Tunas Daud, Bali"
28020001,Madrasah Aliyah ( Paket C )
28020002,"SMA Nasional Plus Jembatan Budaya, Bali"
28210001,"SMAN 2, Singaraja"
28210002,"SMAN 1, Singaraja, Buleleng"
28210004,"SMAN 4, Singaraja, Bali"
28220001,"SMA Lab UNDIKSHA, Singaraja"
28220002,"SMA Tri Dharma Kosgoro Dompu, Singaraja"
28610001,"SMAN 1, Semarapura, Bali"
28810001,"SMAN 2, Mataram"
28820001,"SMAK KESUMA CAKRANEGARA, MATARAM"
29410001,"SMAN 1, Kupang"
29410002,"SMAN 4, Kupang"
29410004,"SMAN 3, Kupang"
29410012,"SMAN 1, Amfoang Utara, Kupang"
29410013,"SMAN 1, Amfoang Selatan, Kupang"
29410017,"SMAN 1 Amarasi Selatan, Kupang"
29420001,"SMA Katolik Giovanni, Kupang"
29420003,"SMA Kristen Mercusuar, Kupang"
29420005,"NUSA CENDANA INTERNATIONAL PLUS SCHOOL,  Kupang"
29420008,"SMAK 1, Kupang"
29520001,"SMA kristen Waikabubak, Sumba Barat"
30320001,"SMAK Syuradikara, Ende"
30416002,NULL
30610001,"SMAN 1, Sentani"
30610002,"SMAN 5, Jayapura"
30610003,"SMAN 3, Jayapura"
30610004,"SMAN 2, Jayapura"
30620001,"SMA YPPK Teruna Bakti, Waena, Jayapura"
30710037,NULL
30710092,NULL
30713848,NULL
30714656,NULL
30733841,NULL
30734031,NULL
30734392,NULL
30740117,NULL
30743857,NULL
30744065,NULL
30744193,NULL
30749999,NULL
30753787,NULL
30753832,NULL
30753886,NULL
30753888,NULL
30754091,NULL
30759999,NULL
30810001,"SMA YPPK Taruna Darma, Papua"
30810002,"SMK 3, Jayapura"
30810003,"SMAN 1, Jayapura"
30810004,"SMK Negeri 1, Jayapura"
30810005,"SMAN 45 , Jayapura"
30810006,"SMAN 3, Jayapura"
30810007,"SMA YPPK Gabungan, Jayapura"
30810008,"SMK Negeri 5, Jayapura"
30810009,"SMAN 1, Mimika"
30810011,"SMAN 1 Biak Kota, Numfar"
30820002,"SMA Kalam Kudus, Jayapura"
30820003,"YPK 1, Biak ( Papua )"
30840003,NULL
30840005,NULL
30841004,NULL
30852003,NULL
30872005,NULL
31079999,NULL
31110001,"SMAN 3, Nabire"
31120001,"SMA Kristen Anak Panah, Nabire"
31120002,"SMA YPK Tabernakel, Nabire"
31149999,NULL
31220001,"SMA YPPK AGUSTINUS, Sorong"
31411001,"SMA Xaverius 1, Padang"
31411002,"SMA Don Bosco, Padang"
31411003,"SMAN 1, Padang"
31412001,"SMA St.Thomas 1, Medan"
31412002,"SMA Sutomo 1, Medan"
31412003,"SMAN 1, Medan"
31412004,"SMA Budi Murni 1, Medan"
31412005,"SMA Kalam Kudus, Pematang Siantar"
31412006,"SMA Harapan, Medan"
31412007,"SMA Imanuel, Medan"
31412008,"SMA Sutomo 2, Medan"
31412012,"SMA Hangkesturi, Medan"
31412998,NULL
31413001,"SMA St. Maria, Riau"
31413002,"SMAN 1, Riau"
31413003,"SMA Cendana, Caltex, Riau"
31413004,"SMA Kalam Kudus, Riau"
31413998,NULL
31414001,"SMA St. Yoseph Antonius, Bangka"
31414998,NULL
31415002,"SMA Xaverius, Jambi"
31415003,"SMAN 3, Jambi"
31415004,"SMAN 5, Jambi"
31415006,"SMA Xaverius 2, Jambi"
31415999,NULL
31416001,"SMA Xaverius 1, Palembang"
31416002,"SMA Xaverius 3, Palembang"
31416003,"SMA Xaverius 4, Palembang"
31416004,"SMAN 1, Palembang"
31416005,"SMA Methodist 1, Palembang"
31416006,"SMA Methodist 2, Palembang"
31416009,"SMA Kusuma Bangsa, Palembang"
31417001,"SMA St. Carolus, Bengkulu"
31417999,NULL
31418001,"SMA Xaverius, Tanjung Karang"
31418002,"SMAK 1 BPK Penabur, Lampung"
31418003,"SMAN 2, Lampung"
31418004,"SMAN 3, Lampung"
31418005,"SMAN 9, Lampung"
31418006,"SMA Immanuel, Lampung"
31418008,"SMA Fransiskus, Lampung"
31418009,"SMAN 1, Serui"
31418011,NULL
31418013,NULL
31418999,NULL
31481006,NULL
31610002,"SMAN 4, Curup Bengkulu"
31620001,"SMA Muhammadiyah 4, Bengkulu"
31710003,"SMAN 108, Kebayoran Lama Utara"
31710005,"SMAN 87, Pesanggrahan"
31710006,"SMAN 90, Petukangan Selatan"
31710014,"SMAN 55, Duren Tiga"
31710022,"SMAN 3, Setiabudi"
31710037,"SMAN 6, Kebayoran Baru"
31710044,NULL
31710045,"SMAN 8, Bukit Duri"
31710053,"SMAN 74, Kebayoran Lama"
31710076,"SMAN 26, Tebet"
31710084,"SMAN 28, Ragunan"
31710092,"SMAN 24, Kj. Jenderal Sudirman"
31710103,"SMAN 29, Kebayoran Lama"
31710111,"SMAN 97, Jagakarsa"
31710134,"SMAN 34, Pondok Labu"
31710142,"SMAN 66, Pondok Labu"
31710165,"SMAN 37, Tebet"
31710173,"SMAN 38, Srengseng Sawah"
31710196,"SMAN 46, Blok A"
31710207,"SMAN 70, Bulungan"
31710231,SMAN Atlit Ragunan
31710246,"SMAN 47, Tanah Kusir"
31710254,"SMAN 49, Jagakarsa"
31710262,"SMAN 60, Mampang"
31710277,"SMAN 63, Kebayoran Lama"
31710278,"SMAN 82, Jakarta Selatan"
31711025,"SMAN, Ciputat"
31711768,"SMKN 57, Jati Padang"
31711770,"SMKN 43, Cipulir"
31713007,NULL
31713843,"SMA Yasporbi 1, Menteng Dalam"
31713848,"SMA Islam Al-Azhar 2, Pejaten Barat"
31713851,"SMA Harapan Ibu, Pondok Pinang"
31713857,"SMA Islam Al-Azhar 3, Kebayoran Baru"
31713860,"SMA Putra Satria, Petukangan Utara"
31713868,"SMA Lab School, Kebayoran"
31713902,"SMA Tirta Marta, Pondok Indah"
31713917,"SMA Dewi Sartika, Tebet"
31713941,"SMA Kartika, Kebayoran Lama"
31713995,"SMA Keluarga Widuri, Kebayoran Baru"
31714035,"SMA Asisi, Menteng Dalam"
31714066,"SMA Bhayangkari, Ragunan"
31714074,"SMA BKUI, Kebayoran Baru"
31714086,NULL
31714101,"SMA Cendrawasih, Gandaria Selatan"
31714132,"SMA Dharma Karya, Kebayoran Baru"
31714171,"SMA Islam Al-Azhar 1, Kebayoran Baru"
31714186,"SMA Jaya, Kemang"
31714205,"SMA Muhammadiyah 3, Kebayoran Baru"
31714236,"SMA Ora Et Labora, Pondok Indah"
31714244,"SMA Pangudi Luhur, Kebayoran Baru"
31714275,"SMA PSKD 4, Kebayoran Baru"
31714302,"SMA Suluh, Pasar Minggu"
31714317,"SMA Sumbangsih, Setiabudi"
31714325,"SMA Tarakanita 1, Kebayoran Baru"
31714341,"SMA Triguna, Kebayoran Baru"
31714356,"SMA Trisula, Guntur"
31714361,NULL
31714371,NULL
31714414,"SMA YPK Wijaya, Kebayoran Baru"
31714511,"SMA Tri Utama, Pasar Minggu"
31714526,"SMA Yapsi, Pasar Jumat"
31714607,"SMA Perguruan Cikini, Duren Tiga"
31714631,"SMA Gonzaga, Pasar Minggu"
31714646,"SMA Islam Al-Azhar Kemang, Kemang"
31714654,"SMA Charitas, Lebak Bulus"
31714655,"SMA Don Bosco Seruni, Pondok Indah"
31714656,"SMA Bhakti Mulya, Lebak Bulus"
31714662,NULL
31714693,NULL
31715611,"SMK YPMII, Kebayoran Lama"
31716065,"SMK Tarakanita, Kebayoran Baru"
31716081,"SMK YPK Wijaya, Kebayoran Baru"
31719013,"SMA Swasta,  Selatan"
31719999,NULL
31720002,"SMAN 98, Kalisari"
31720003,"SMAN 104, Gedong"
31720008,"SMAN 89, Cakung Timur"
31720010,"SMAN 91, Pondok Kelapa"
31720011,"SMAN 103, Malaka Raya"
31720014,"SMAN 99, Cibubur"
31720016,"SMAN 71, Duren Sawit"
31720024,"SMAN 12, Klender"
31720047,"SMAN 59, Klender"
31720055,"SMAN 14, Cililitan"
31720063,"SMAN 53, Cipinang"
31720086,"SMAN 21, Kampung Ambon"
31720105,"SMAN 22, Utan Kayu"
31720113,"SMAN 48, Pondokgede"
31720136,"SMAN 36, Rawamangun"
31720144,"SMAN 39, Cijantung"
31720152,"SMAN 42, Halim Pk."
31720191,"SMAN 31, Pramuka Jaya"
31720202,"SMAN 67, Halim Pk"
31720217,"SMAN 54, Jatinegara"
31720225,"SMAN 58, Pasar Rebo"
31720233,"SMAN 61, Jatinegara"
31720241,"SMAN 62, Kramat Jati"
31720256,"SMAN 44, Klender"
31720264,"SMAN 81, Rawa Mangun"
31721520,"SMKN 51, Gedong"
31723822,"SMA Utama 1, Kebun Manggis"
31723831,"SMA St. Antonius, Balimester"
31723834,"SMA Santika 1, Cijantung"
31723856,"SMA BPSK 1, Pondok Kopi"
31723859,"SMA Budhaya 2, Duren Sawit"
31723877,"SMA Yaspri 1, Pulo Mas"
31723912,"SMA Pembangunan 3, Cakung"
31723943,"SMA Muhammadiyah 11, Rawamangun"
31723974,"SMA Bhakti Samodra, Klender"
31723982,"SMA Pelita 3, By. Pass"
31724014,"SMASMA As-syafiiyah 2, Jt. Waringin"
31724022,"SMA Binatama, Pisangan Lama"
31724037,"SMA Budhaya, Matraman"
31724061,"SMA Fons Vitae 1, Matraman"
31724076,"SMA Fransiskus 2, Kp. Ambon"
31724092,"SMA Yasmu Sudirman, Cijantung"
31724111,"SMA Cahaya Sakti, Jatinegara"
31724134,"SMA PGRI 10, Utan Kayu"
31724196,"SMA PSKD 2, Slamet Riyadi"
31724207,"SMA Silaparamita, Cawang"
31724215,"SMA Slamet Riyadi, Cijantung"
31724293,"SMA PGRI 4, Pasar Rebo"
31724416,"SMA Don Bosco 2, Pulo Mas"
31724420,"SMA Lab School, Rawamangun"
31724423,"SMAK 7 BPK Penabur, Cipinang"
31724567,NULL
31724664,NULL
31725978,"SMK Caraka Nusantara, Pulo Gebang"
31725985,"SMK Corpatarin, Pondok Kelapa"
31726006,"SMK Jaya Wisata, Cipinang Melayu"
31726011,"SMK Angkasa, Cipayung"
31729015,"SMA Swasta, Timur"
31729999,NULL
31730011,"SMAN 1, Budi Utomo"
31730013,NULL
31730026,"SMAN 4, Gambir"
31730034,"SMAN 5, Sumur Batu"
31730073,"SMAN 25, Petojo"
31730081,"SMAN 27, Rawasari"
31730096,"SMAN 30, Rawasari"
31730123,"SMAN, Cempaka Putih"
31730131,"SMAN 68, Salemba"
31730146,"SMAN 24, Lapangan Tembak"
31730154,"SMAN 35, Karet Tengsin"
31731513,NULL
31731522,NULL
31731776,"SMKN 2, Menteng"
31731803,"SMKN 13, Kemayoran"
31733841,"SMA Triana, Petojo Utara"
31733843,"SMA Attaqwa, Gunung Sahari Utara"
31733844,"SMA Gandhi School, Kemayoran"
31733847,"SMAK 2 BPK Penabur, Pasar Baru"
31733848,"SMA Gandhi Memoriam International School, Kemayor"
31733849,"SMA Kristen Baptis, Kebon Kosong"
31733850,"SMA Paskalis, Sumur Batu"
31733861,"SMA Kanaan, Gunung Sahari"
31733862,"SMA Bethel, Petamburan"
31733863,"SMA Dwisaka, Pegan"
31733953,"SMA Muhammadiyah 16, Kali Baru"
31733984,NULL
31734071,"SMA Budhi Ciswa, Kemayoran"
31734086,"SMA Budi Mulia, Mangga Besar"
31734105,"SMA Perguruan Cikini, Cikini"
31734113,"SMA Don Bosco, Mangga Besar"
31734121,NULL
31734136,"SMA Fransiskus, Kramat"
31734171,NULL
31734191,"SMA Kanisius, Menteng"
31734225,"SMA KRIS, Menteng"
31734244,NULL
31734255,NULL
31734256,"SMAK 3 BPK Penabur, Gunung Sahari"
31734264,"SMA Ksatria, Percetakan Negara"
31734314,"SMA Nusantara, Diponegoro"
31734345,"SMA Perg. Advent 1, Kramat Pulo"
31734353,"SMA PSKD 1, Diponegoro"
31734361,"SMA PSKD 3, Kwini"
31734376,"SMA Said Naum, Tanah Abang"
31734384,"SMA St. Ursula 1, Pasar Baru"
31734403,"SMA St. Paulus, Gambir"
31734411,"SMA Sunda Kelapa, Menteng"
31734442,"SMA Tarsisius, Hasyim Ashari"
31734443,NULL
31734554,NULL
31734562,NULL
31734577,"SMA Kartini, Kartini"
31734593,NULL
31734635,"SMA Perg. Advent 2, Salemba"
31734643,"SMA Perg. Nasional, Kemayoran"
31734651,"SMA St. Bellarminus, Menteng"
31734675,"SMA St. Theresia, H. Agus Salim"
31734677,"SMA Karunia, Jakarta Pusat"
31734678,"SMA Ketapang 1, Jakarta Pusat"
31734716,NULL
31735607,NULL
31735675,NULL
31735685,NULL
31735977,"SMK St Paulus, Duri Pulo"
31735980,"SMK Ketapang,  Petojo Utara"
31735982,"SMK Saint Anthony Jkt,  Cideng"
31735993,"SMK Saint John, Gn.Sahari Selatan"
31736008,"SMK St. Theresia, Gondangdia"
31736054,"SMK Kristen BPK, Pembangunan"
31736093,"SMK Strada, Gunung Sahari"
31736128,"SMK St. Maria, Juanda"
31739999,NULL
31740005,"SMAN 85, Srengseng"
31740007,"SMAN 112, Sanggrahan Meruya"
31740008,"SMAN 94, Semanan"
31740009,"SMAN 95, Pegadungan"
31740010,"SMAN 84, Kalideres"
31740011,"SMAN 78, Kemanggisan"
31740036,"SMAN 16, Slipi"
31740044,"SMAN 17, Blandongan"
31740075,"SMAN 19, Perniagaan"
31740083,"SMAN 23, Tomang"
31740091,"SMAN 33, Cengkareng"
31740117,"SMP Negeri, Kemanggisan"
31740125,"SMAN 56, Cengkareng"
31740133,"SMAN 65, Kebon Jeruk"
31740141,"SMAN 57, Kedoya Raya"
31741087,NULL
31741763,"SMKN 5, Tambora"
31742511,NULL
31743819,"SMA Ipeka Puri, Kembangan Selatan"
31743821,"SMA Kristen Petra, Joglo"
31743822,"SMA Samaria Kudus, Meruya Utara"
31743823,"SMA Budi Murni 2, Kembangan"
31743824,"SMA Katolik Notre Dame, Kembangan"
31743825,"SMA Yadika 2, Tegal Alur"
31743826,"SMA Galatia 3, Pegadungan"
31743827,"SMA San Marino, Kalideres"
31743828,"SMA Fajrul Islam, Kali Deres"
31743832,"SMA Kalam Kudus 2, Duri Kosambi"
31743834,"SMA Vianney , Rawa Buaya"
31743835,"SMA Kristen Immanuel, Wijaya Kusuma"
31743836,"SMA Dharma Jaya, Jelambar"
31743838,"SMA St. Kristoforus, Jelambar"
31743840,"SMA Kristen Almasih, Jelambar"
31743841,"SMA Kristen Pancaran Berkat, Jelambar Barat"
31743845,"SMA Yadika I, Tanjung Duren Utara"
31743849,"SMA Pelita, Duri Utara"
31743850,"SMA Candra Naya, Jembatan Besi"
31743851,"SMA Damai, Duri Selatan"
31743853,"SMA Sentosa, Mangga Besar"
31743855,"SMA Ketapang 2, Kedoya Utara"
31743856,"SMA Rasa Sayang, Duri Kepa"
31743857,"SMA Katolik Abdi Siswa, Duri Kepa"
31743858,"SMAK 4 BPK Penabur, Kedoya"
31743859,"SMA Tarsisius 2, Kebon Jeruk"
31743860,"SMA Kemurnian 2, Duri Kepa"
31743861,"SMA Sang Timur, Kebon Jeruk"
31743862,"SMA Pelita 2, Duri Kepa"
31743863,"SMA Kelapa Dua, Kelapa Dua"
31743865,"SMA Al-Kamal, Kedoya"
31743897,"SMA Lamaholot, Bojong Indah"
31743947,"SMA Dhammasavana, Jembatan Dua"
31743955,"SMA Kelapa Dua, Kebon Jeruk"
31744042,"SMA Bhineka Tunggal Ika, Tambora"
31744065,"SMA Bunda Hati Kudus, Jelambar"
31744073,"SMA Chandra Naya, Gajah Mada"
31744123,"SMA Kalam Kudus 1, Tangkilio"
31744130,NULL
31744131,"SMA Katolik Ricci, Kemenangan"
31744177,"SMA PGRI, Mangga Besar"
31744181,NULL
31744182,"SMA Stella Maris, Penjaringan"
31744183,"SMA Bintang Kejora, Cengkareng"
31744186,"SMA St. Leo 2, Kosambi"
31744193,"SMA Regina Pacis, Palmerah"
31744227,"SMA Tri Bina, Pejagalan"
31744233,"SMAK 1 BPK Penabur, Tanjung Duren"
31744282,"SMA Patriot, Petamburan"
31744316,"SMA Tri Ratna, Kel. Krukut"
31744324,NULL
31744363,NULL
31744405,NULL
31744421,NULL
31744972,"SMA Kemurnian 1, Kemurnian"
31744973,NULL
31744974,"SMA Bina Bangsa, Jakarta Barat"
31744976,"SMA Kalam Kudus 3, Green Garden"
31744979,"SMA Providentia, Kebon  Jeruk"
31744985,"SMA Ipeka Green Ville, Tomang"
31745942,"SMK Cendrawasih, Cengkareng"
31745946,"SMK Duta Bangsa, Kapuk"
31745957,"SMK Islam Perti, Tomang"
31745958,"SMK 1 BPK Penabur, Tanjung Duren"
31745961,"SMK Pelita 4, Duri Utara"
31745986,"SMK Tri Arga 3, Kebon Jeruk"
31745990,"SMK Yosua, Kotabambu Utara"
31745997,"SMK Yadika 1, Tegal Alur"
31749012,UPH Complimentary
31749999,NULL
31750013,"SMAN 52, Semper Barat"
31750015,"SMAN 13, Tg. Priok"
31750046,"SMAN 40, Pademangan"
31750085,"SMAN 73, Tanjung Priok"
31750093,"SMAN 72,  Utara"
31753787,"SMA Jubele, Sunter Agung"
31753828,"SMA Pusaka Abadi, Pejagalan"
31753829,"SMAK Harapan Zaman, Pejagalan"
31753830,"SMA Harapan Kasih, Penjaringan"
31753831,"SMA Cahaya Kudus, Pluit"
31753832,"SMA Methodist, Pejagalan"
31753833,"SMA Katolik Diakonia, Pluit"
31753834,"SMA Stella Maris, Pejagalan"
31753835,"SMA Harapan Abadi, Pluit"
31753836,"SMA Kristen Yusuf, Pejagalan"
31753837,"SMA Dharma Suci, Pejagalan"
31753838,"SMA Permata Indah, Pejagalan"
31753840,"SMA Dharma Satria, Pejagalan"
31753841,"SMA Chandra Kusuma, Kapuk Muara"
31753844,"SMA Kencana, Sungai Bambu"
31753845,"SMA St. Lukas 1, Sunter Agung"
31753847,"SMA Dharma Bhakti , Sunter Agung"
31753848,"SMA Dharma Putra, Kebon Bawang"
31753849,"SMA Wiyata Mandala, Kebon Bawang"
31753855,"SMA Islam Al-Azhar, Pegangsaan Dua"
31753857,"SMA Don Bosco 1, Pegangsaan Dua"
31753858,"SMA Tunas Karya, Kelapa Gading"
31753860,NULL
31753861,"SMA Fons Vitae 2, Tanjung Priok"
31753862,NULL
31753876,"SMA Wijaya, Sunter"
31753883,NULL
31753885,"SMAK 5 BPK Penabur, Kelapa Gading"
31753886,"SMA Gandhi School, Pangandaran Ancol"
31753888,"SMA Permai, Pluit"
31753889,"SMA St. Yakobus, Pengangsaan"
31753891,"SMA St. Lukas 1, Ancol"
31753973,NULL
31753981,NULL
31754044,"SMA Bintang Mas, Penjaringan"
31754090,NULL
31754091,"SMA Tarakanita 2, Pluit"
31754292,NULL
31754311,NULL
31756013,SMA
31756073,"SMK Wiyata Mandala , Kebon Bawang"
31756087,"SMK Dharma Budhi, Sunter Agung"
31756097,"SMK PGRI 2, Rorotan"
31759014,"SMA Swasta, Utara"
31759999,NULL
31789999,NULL
31840001,"SMA Tarsisius Vireta, Tangerang"
31840002,"SMA Ora Et Labora, BSD Serpong"
31840003,"SMA Strada Thomas Aquino, Tangerang"
31840004,"SMA St. Ursula 2, Tangerang"
31840005,"SMA St. Laurensia , Tangerang"
31840006,"SMAK Penabur Gading Serpong, Tangerang"
31840007,"SMA Pelita Harapan, Tangerang"
31840008,"SMA Dian Harapan, Tangerang"
31840009,"SMAN 1, Tangerang"
31840010,"SMAN 2, Tangerang"
31840011,"SMA Markus, Tangerang"
31840012,"SMA Islam Village, Tangerang"
31840018,NULL
31840020,"SMA Kanaan, Tangerang"
31840021,"SMA Mater Dei, Pamulang"
31840022,"SMA Pembangunan Jaya, Tangerang"
31840023,"SMA Ricci 2, Bintaro"
31840024,"SMA Stella Maris, BSD Serpong"
31840025,"SMA Tarakanita 3, Gading Serpong"
31840999,NULL
31841001,"SMA Mardiyuana/St. Fransiskus, Bogor"
31841002,"SMA Regina Pacis, Bogor"
31841003,"SMA Budi Mulia, Bogor"
31841004,"SMA Pelita Harapan, Sentul"
31841005,"SMAN 1, Bogor"
31841006,"SMA Kesatuan, Bogor"
31841007,"SMAK 1 BPK Penabur, Bogor"
31841008,"SMAN 2, Bogor"
31841009,"SMAN 3, Bogor"
31841010,"SMA Madania, Bogor "
31841999,NULL
31842001,"SMAN 1, Bekasi"
31842002,"SMA Pelita Harapan, Cikarang"
31842003,"SMA Fons Vitae 3, Bekasi"
31842004,"SMAN 2, Bekasi"
31842007,NULL
31842999,NULL
31843001,"SMAK 1 BPK Penabur, Bandung"
31843002,"SMAK 2 BPK Penabur, Bandung"
31843003,"SMAK 3 BPK Penabur, Bandung"
31843004,"SMA St. Aloysius, Bandung"
31843005,"SMA St. Maria 1, Bandung"
31843006,"SMA Trinitas, Bandung"
31843007,"SMA St. Angela, Bandung"
31843008,"SMA Kristen Bina Bakti 2, Bandung"
31843009,"SMA St. Maria 2, Bandung"
31843010,"SMA Taruna Bakti, Bandung"
31843999,NULL
31844001,"SMA St. Maria 1, Cirebon"
31844002,"SMA St. Maria 2, Cirebon"
31844003,"SMAK 1 BPK Penabur, Cirebon"
31844005,"SMAN 1, Cirebon"
31844006,"SMAN 2, Cirebon"
31844007,"SMAN 3, Cirebon"
31844999,NULL
31845001,"SMA Mardiyuana, Sukabumi"
31845002,"SMAK 1 BPK Penabur, Sukabumi"
31849000,NULL
31849001,"SMIP St. Laurensia, Serpong"
31851001,"SMA Kolose De Brito, Yogyakarta"
31851002,"SMA Bopkri 1, Yogyakarta"
31851004,"SMA Bopkri 3, Yogyakarta"
31851006,"SMA Pangudi Luhur, Yogyakarta"
31851007,"SMA Stella Duce 1, Yogyakarta"
31851008,"SMA Stella Duce 2, Yogyakarta"
31851010,"SMAN 3, Yogyakarta"
31851011,"SMAN 8, Yogyakarta"
31851999,NULL
31852002,"SMAN 3, Solo"
31852003,"SMA St. Ursulin (SMU Regina Pacis), Solo"
31852004,"SMA St. Yoseph, Solo"
31852006,"SMA Kalam Kudus, Solo"
31853001,"SMA Sades Sapintie, Semarang"
31853002,"SMA YSKI, Semarang"
31853003,"SMA Kolose Loyola, Semarang"
31853004,"SMA Theresiana 1, Semarang"
31853005,"SMA Kebon Dalem, Semarang"
31853006,"SMA Karang Turi, Semarang"
31853007,"SMA Virgo Fidelis, Semarang"
31853008,"SMAN 1, Semarang"
31853011,"SMA Marsudirini, Semarang"
31853012,"SMAN 5, Semarang"
31853013,"SMAN 3, Semarang"
31853015,"SMA Citischool (Satria Wacana), Semarang"
31854001,"SMA Taruna Nusantara, Magelang"
31854002,"SMAK 1 BPK Penabur, Magelang"
31854004,"SMA Tarakanita, Magelang"
31854005,"SMAN 1, Magelang"
31854999,NULL
31855001,"SMAN 1, Salatiga"
31855003,"SMAK 1 BPK Penabur, Salatiga"
31855005,"SMA Kristen Satyawacana, Salatiga"
31861001,"SMA St. Maria, Surabaya"
31861004,"SMA St. Louis 1, Surabaya"
31861005,"SMA Frateran, Surabaya"
31861006,"SMA Ciputra, Surabaya"
31861008,"SMA Tri Murti, Surabaya"
31861009,"SMA St. Carolus, Surabaya"
31861010,"SMA Stanislaus , Surabaya"
31861012,"SMA Petra 1, Surabaya"
31861013,"SMA Petra 2, Surabaya"
31861014,"SMA Petra 3, Surabaya"
31861019,NULL
31861999,NULL
31862001,"SMA Kolose St. Yusuf, Malang"
31862002,"SMA St. Maria, Malang"
31862003,"SMA St. Albertus, Malang"
31862004,"SMA Cor Jesu, Malang"
31862006,"SMAN 1, Malang"
31862007,"SMAN 4, Malang"
31871001,"SMA Mahatma Gandhi, Bali"
31871002,"SMAN 1, Bali"
31871003,"SMAN 2, Bali"
31871004,"SMAN 3, Bali"
31871005,"SMA Katolik St. Yoseph, Bali"
31871999,NULL
31872001,"SMA St. Paulus, Pontianak"
31872002,"SMAN 1, Pontianak"
31872003,"SMA St. Petrus, Pontianak"
31872004,"SMAN 3, Pontianak"
31872005,"SMA Gembala Baik, Pontianak"
31872999,NULL
31873001,"SMAN 1, Banjarmasin"
31873002,"SMA Katolik, Banjarmasin"
31873999,NULL
31874002,"SMA Kristen, Palangkaraya"
31875001,"SMA Katolik W.R. Soepratman, Samarinda"
31875002,"SMAN 1, Samarinda"
31875003,"SMAN 2, Samarinda"
31875005,"SMA YP Vidya Dharma Putra, Samarinda"
31875006,"SMA YPK, Samarinda"
31876001,"SMA Rex Mundi, Manado"
31876002,"SMA Don Bosco, Manado"
31876003,"SMA Eben Haezer, Manado"
31876004,"SMAN 9, Manado"
31876005,"SMAN 1, Manado"
31876006,"SMAN 2, Manado"
31876008,"SMA Advent (Kawangkoan), Manado"
31877001,"SMA Gamaliel, Ujung Pandang"
31877002,"SMA Rajawali, Ujung Pandang"
31877003,"SMA Frateran, Makasar"
31877004,"SMA Cendrawasih, Ujung Pandang"
31877999,NULL
31919007,SMU Negeri 1
32199996,NULL
32200037,NULL
32723834,NULL
32730011,NULL
32730212,NULL
32734055,NULL
32734063,NULL
32734376,NULL
32734384,NULL
32734426,NULL
33014132,NULL
33084012,NULL
33310002,"SMAN 7, Tangerang"
33310003,"SMAN 6, Tangerang"
33310004,"SMAN 1, Serpong"
33310005,"SMAN 4, Tangerang"
33310006,Alumni UPH STPPH
33310007,"SMAN 10, Tangerang"
33310008,"SMAN 8, Perumnas, Tangerang"
33310009,"SMAN 2 (d/h SMAN 1 Cisauk), Tangerang Selatan"
33310010,"PKBM Bina Sejahtera (Paket C), Legok"
33310011,"SMAN 1, Curug"
33310012,"SMUN 5, KARAWACI BARU"
33310013,"SMK Negeri 2, Tangerang"
33310014,"SMK Negeri 1, Tangerang"
33310017,"SMA Negeri 8, Tangerang"
33310018,"SMUN 1, GUBUG"
33310019,"SMAN 1, CIKUPA  "
33310021,SMA PORIS INDAH
33310024,"SMAN 14, Tangerang"
33310027,"SMAN 1, Balaraja-Tangerang"
33310028,"SMAN 11, Tangerang"
33310029,"SMAN 1, Pagedangan"
33310030,"SMKN 1, Tangerang"
33310032,"SMAN 9, Tangerang"
33310034,"SMA Mandiri, Balaraja, Tangerang"
33320004,"SMA Harapan Bangsa, Tangerang"
33320006,"SMA Perguruan Buddhi, Tangerang"
33320007,"SMA Islam Al-Azhar, BSD Serpong"
33320008,"SMA Pelita Bangsa, Tangerang"
33320009,"SMA Yupentek 1, Tangerang"
33320010,"SMA Dharma Putra, Tangerang"
33320014,"SMK Markus, Tangerang"
33320016,"SMA Cendrawasih II, Pondok Aren"
33320017,"SMA Tunas Bangsa, Tangerang"
33320018,"SMA BKKK Agape, Tangerang"
33320019,"SMA Global Jaya, Tangerang"
33320020,"SMA Budi Luhur, Tangerang"
33320021,"SMA Nusantara 1, Tangerang"
33320022,"SMA Daar El-Qolam, Balaraja-Tangerang"
33320023,"SMA PGRI 109, Tangerang"
33320024,"SMA Setia Bhakti, Tangerang"
33320025,"SMA Yupentek 4, Tangerang"
33320026,"SMA Yaspita, Serpong"
33320027,"SMA Citra Kasih, Cimone, Tangerang"
33320028,SMA Dharma Karya Ut.
33320029,"SMA Perguruan Setia Bhakti, Tangerang"
33320030,D3 KEPERAWATAN
33320031,"SMA Maria Mediatrix, Kutabaru, Tangerang"
33320033,"SMK Dewi Sartika, Jatiuwung"
33320035,"SMK Negeri 3, Tangerang"
33320036,"SMA Atisa Dipamkara, Karawaci"
33320037,SMK Bhakti Anindya. Tangerang
33320038,SMA Mutiara Bangsa
33320041,Peserta Olimpiade Fisika-TOFI
33320043,SMK STRADA DAAN MOGOT
33320046,"SMA St. Patricia, Tangerang"
33320050,"SMA St. John, BSD Tangerang"
33320052,"SMA Pramita, Tangerang"
33320053,SMK Santa Laurensia
33320054,"SMA Kharisma Bangsa, Pamulang-Tangerang"
33320056,"Panda Home Schooling, Gading Serpong"
33320057,"SMA Bina Nusantara, Serpong"
33320059,"Candle Tree School, Serpong"
33320061,"SMA Pahoa, Gading Serpong"
33320064,"PKBM Technosa, Serpong"
33320065,"SMA BPK Penabur, Bintaro Jaya"
33320066,"UPH College, Karawaci"
33320067,"SMK Bonavita, Tangerang"
33320068,"SMA Taruna Mandiri, Tangerang"
33320070,"PKBM Karlina, Curug, Tangerang"
33320072,Home Schooling Komunitas Sekolah Rumah Pelangi
33320073,"SMA Katolik Bhakti Prima, Tangerang Selatan"
33320075,"Homeschooling Andalusia, Tangerang"
33320077,"SMK PGRI 1, Kota Tangerang"
33320078,"SMA Unggul Setia Bhakti, Tangerang"
33320082,"SMA Citra Islami, Citra Raya, Banten"
33320085,"SMA Budi Mulia, Cileduk, Tangerang"
33320086,"SMA M. H. Thamrin, Ciputat"
33410001,"SMAN 2, Cilegon"
33410002,"SMAN 1 Bojonegara, Serang"
33410003,"SMAN 1, Serang"
33420001,"SMA Randawa School, Cilegon"
33420002,"SMA Islam Al-Azhar 6, Serang"
33420004,"SMA Mardi Yuana, Serang"
33530001,SMA LUAR NEGERI
33720047,NULL
33744107,NULL
33744115,NULL
33744162,NULL
33750015,NULL
33760025,NULL
33910001,"SMAN 1, Karimun, Riau"
34210001,"PKBM Ki Hajar Dewantara, Batu, Ja-Tim"
34710076,NULL
34714333,NULL
34743850,NULL
35734152,NULL
36410001,"SMAN 1, Ranah Batahan, Pasaman Barat"
36910001,"SMAN 1 Pringsewu, Tenggamus-Lampung"
37139999,NULL
38110002,"SMA PGRI 83, Legok"
38120001,"SMA Arief Rahman Hakim, Tangerang Selatan"
38151002,NULL
38920001,"SMA Santo Yosef, Pangkal Pinang"
41720001,"SMA Mulia Bhakti, Makassar"
41720003,"SMA Kristen YHS, Makasar"
43187200,NULL
44820001,"SMA Yayasan Pupuk Kaltim, Bontang"
50920001,"SMA Harapan Utama, Batam"
51714106,NULL
53920001,"SMK Kristen 1, Tomohon  "
53920002,"SMK Katolik St. Familia, Tomohon"
71720011,NULL
71720012,NULL
71724106,NULL
80000000,NULL
91714607,NULL
99999999,NULL
999999999,NULL
3141416001,NULL
9999999999,NULL
-,NULL
//,NULL
?,NULL
\,NULL
\N,NULL
0 000000,NULL
0022 012,NULL
008 0002,NULL
3* 19999,NULL
3* 41003,NULL
3*753886,NULL
31 76001,NULL
317 0022,NULL
317 0032,NULL
317138 1,NULL
31714  8,NULL
31714 17,NULL
317141 1,NULL
3173 233,NULL
31753 87,NULL
317538 6,NULL
318 0002,NULL
318 3001,NULL
318400 0,NULL
318400 1,NULL
31871 03,NULL
3353 0001,NULL
8  8 8,NULL
NULL,NULL
